{
  "logreg": {
    "macro_f1": 0.5475826940423604,
    "roc_auc_macro": 0.9192339405528341
  },
  "knn": {
    "macro_f1": 0.5237978739737773,
    "k": 3,
    "roc_auc_macro": 0.8328963986395055
  }
}