{
  "macro_f1": 0.5710375702573873,
  "roc_auc_macro": 0.9387915504850929
}